nomb_uni,id
UNIVERSIDAD CENTRAL DE VENEZUELA,01
UNIVERSIDAD NACIONAL ABIERTA,01
UNIVERSIDAD PEDAGOGICA EXPERIMENTAL LIBERTADOR,01
UNIVERSIDAD NACIONAL EXPERIMENTAL SIMON RODRIGUEZ,01
UNIVERSIDAD MILITAR BOLIVARIANA DE VENEZUELA,01
UNIVERSIDAD NACIONAL EXPERIMENTAL DE LA SEGURIDAD,01
UNIVERSIDAD NACIONAL EXPERIMENTAL DEL TRANSPORTE,01
UNIVERSIDAD POLITECNICA TERRITORIAL DE CARACAS �MARISCAL SUCRE�,01
UNIVERSIDAD CATOLICA ANDRES BELLO,01
COLEGIO UNIVERSITARIO DE ENFERMERIA CENTRO MEDICO DE CARACAS,01
COLEGIO UNIVERSITARIO DE ENFERMERIA DE LA CRUZ ROJA DE VENEZUELA,01
COLEGIO UNIVERSITARIO DE PSICOPEDAGOGIA,01
INSTITUTO UNIVERSITARIO DE ADMINISTRACION Y GERENCIA,01
INSTITUTO UNIVERSITARIO DE GERENCIA Y TECNOLOGIA,01
INSTITUTO UNIVERSITARIO DE MERCADOTECNIA,01
INSTITUTO UNIVERSITARIO DE PROFESIONES GERENCIALES,01
INSTITUTO UNIVERSITARIO DE RELACIONES PUBLICAS,01
INSTITUTO UNIVERSITARIO DE SEGUROS,01
INSTITUTO UNIVERSITARIO DE TECNOLOGIA ALBERTO ADRIANI,01
COLEGIO UNIVERSITARIO DE ADMINISTRACION Y MERCADEO,01
COLEGIO UNIVERSITARIO FERMIN TORO,01
INSTITUTO UNIVERSITARIO DE TECNOLOGIA VENEZUELA,01
INSTITUTO UNIVERSITARIO JESUS OBRERO,01
INSTITUTO UNIVERSITARIO PEDAGOGICO MONSENOR RAFAEL ARIAS BLANCO,01
INSTITUTO UNIVERSITARIO DE TECNOLOGIA INDUSTRIAL RODOLFO LOERO ARISMENDI,01
INSTITUTO UNIVERSITARIO DE TECNOLOGIA INDUSTRIAL,01
INSTITUTO UNIVERSITARIO YMCA LOPE MENDOZA,01
UNIVERSIDAD CATOLICA SANTA ROSA,01
UNIVERSIDAD CENTRAL DE VENEZUELA,01
UNIVERSIDAD NACIONAL EXPERIMENTAL SIMON RODRIGUEZ,01
UNIVERSIDAD PEDAGOGICA EXPERIMENTAL LIBERTADOR,01
UNIVERSIDAD NACIONAL EXPERIMENTAL POLITECNICA ANTONIO JOSE DE SUCRE,01
COLEGIO UNIVERSITARIO DE ENFERMERIA DE LA ALCALDIA METROPOLITANA DE CARACAS,01
UNIVERSIDAD NACIONAL EXPERIMENTAL POLITECNICA ANTONIO JOSE DE SUCRE,01
UNIVERSIDAD PEDAGOGICA EXPERIMENTAL LIBERTADOR,01
UNIVERSIDAD BOLIVARIANA DE VENEZUELA,01
UNIVERSIDAD PEDAGOGICA EXPERIMENTAL LIBERTADOR,01
UNIVERSIDAD BOLIVARIANA DE VENEZUELA,01
UNIVERSIDAD NACIONAL EXPERIMENTAL DEL TRANSPORTE,01
UNIVERSIDAD POLITECNICA TERRITORIAL DE CARACAS �MARISCAL SUCRE�,01
UNIVERSIDAD POLITECNICA TERRITORIAL DE CARACAS �MARISCAL SUCRE�,01
UNIVERSIDAD NACIONAL EXPERIMENTAL DE LAS ARTES (UNEARTE),01
COLEGIO UNIVERSITARIO DE REHABILITACION MAY HAMILTON,01
UNIVERSIDAD NACIONAL EXPERIMENTAL POLITECNICA DE LA FUERZA ARMADA NACIONAL,01
UNIVERSIDAD DE LAS CIENCIAS DE LA SALUD HUGO CHAVEZ FRIAS,01
UNIVERSIDAD NACIONAL EXPERIMENTAL DE LA GRAN CARACAS,01
UNIVERSIDAD NACIONAL EXPERIMENTAL DE LAS TELECOMUNICACIONES E INFORMATICA,01
INSTITUTO UNIVERSITARIO DE TECNOLOGIA DEL OESTE MARISCAL SUCRE,01
INSTITUTO UNIVERSITARIO DE TECNOLOGIA DR. FEDERICO RIVERO PALACIO,01
COLEGIO UNIVERSITARIO FRANCISCO DE MIRANDA,01
INSTITUTO UNIVERSITARIO DE LA POLICIA METROPOLITANA,01
INSTITUTO UNIVERSITARIO DE POLICIA CIENTIFICA,01
UNIVERSIDAD NACIONAL EXPERIMENTAL DE LAS ARTES (UNEARTE-MUSICA),01
UNIVERSIDAD NACIONAL EXPERIMENTAL DE LAS ARTES (UNEARTE-TEATRO),01
UNIVERSIDAD NACIONAL EXPERIMENTAL DE LAS ARTES (UNEARTE-ARTES PLASTICAS),01
UNIVERSIDAD NACIONAL EXPERIMENTAL DE LAS ARTES (UNEARTE-DANZA),01
INSTITUTO UNIVERSITARIO NACIONAL DE ESTUDIOS PENITENCIARIOS,01
ACADEMIA MILITAR DE VENEZUELA,01
ESCUELA DE FORMACION DE OFICIALES DE LA GUARDIA NACIONAL,01
INSTITUTO UNIVERSITARIO MILITAR DE COMUNICACIONES Y ELECTRONICA DE LA FUERZA ARMADA NACIONAL,01
UNIVERSIDAD PRIVADA NUEVA ESPARTA,01
UNIVERSIDAD NACIONAL EXPERIMENTAL DE LAS ARTES (UNEARTE),01
UNIVERSIDAD NACIONAL EXPERIMENTAL DEL MAGISTERIO SAMUEL ROBINSON,01
INSTITUTO UNIVERSITARIO DE EDUCACION ESPECIALIZADA,01
UNIVERSIDAD NACIONAL EXPERIMENTAL DE LAS ARTES (UNEARTE-ARTES PLASTICAS),01
UNIVERSIDAD MILITAR BOLIVARIANA DE VENEZUELA,01
UNIVERSIDAD NACIONAL EXPERIMENTAL DEL MAGISTERIO SAMUEL ROBINSON,01
INSTITUTO UNIVERSITARIO DE TECNOLOGIA DE ADMINISTRACION INDUSTRIAL,01
INSTITUTO UNIVERSITARIO DE TECNOLOGIA INDUSTRIAL RODOLFO LOERO ARISMENDI,01
INSTITUTO UNIVERSITARIO DE TECNOLOGIA INDUSTRIAL RODOLFO LOERO ARISMENDI,01
UNIVERSIDAD NACIONAL ABIERTA,02
UNIVERSIDAD NACIONAL EXPERIMENTAL SIMON RODRIGUEZ,02
UNIVERSIDAD SANTA MARIA,02
UNIVERSIDAD CENTRAL DE VENEZUELA,02
UNIVERSIDAD NACIONAL EXPERIMENTAL POLITECNICA DE LA FUERZA ARMADA NACIONAL,02
UNIVERSIDAD DE LAS CIENCIAS DE LA SALUD HUGO CHAVEZ FRIAS,02
UNIVERSIDAD NACIONAL EXPERIMENTAL DEL MAGISTERIO SAMUEL ROBINSON,02
INSTITUTO UNIVERSITARIO DE TECNOLOGIA AMAZONAS,02
UNIVERSIDAD NACIONAL ABIERTA,03
UNIVERSIDAD NACIONAL EXPERIMENTAL POLITECNICA DE LA FUERZA ARMADA NACIONAL,03
UNIVERSIDAD NACIONAL EXPERIMENTAL SIMON RODRIGUEZ,03
UNIVERSIDAD NACIONAL DEL TURISMO,03
INSTITUTO UNIVERSITARIO DE TECNOLOGIA \GENERAL PEDRO MARIA FREITES\,03
INSTITUTO UNIVERSITARIO DE TECNOLOGIA HENRY PITTIER,03
INSTITUTO UNIVERSITARIO DE TECNOLOGIA SUPERIOR DE ORIENTE,03
INSTITUTO UNIVERSITARIO DE TECNOLOGIA JUAN PABLO PEREZ ALFONZO,03
INSTITUTO UNIVERSITARIO PEDAGOGICO MONSENOR RAFAEL ARIAS BLANCO,03
INSTITUTO UNIVERSITARIO DE TECNOLOGIA INDUSTRIAL RODOLFO LOERO ARISMENDI,03
UNIVERSIDAD SANTA MARIA,03
INSTITUTO UNIVERSITARIO POLITECNICO SANTIAGO MARINO,03
UNIVERSIDAD CENTRAL DE VENEZUELA,03
UNIVERSIDAD DE ORIENTE,03
UNIVERSIDAD NACIONAL EXPERIMENTAL SIMON RODRIGUEZ,03
UNIVERSIDAD DE ORIENTE,03
UNIVERSIDAD NACIONAL EXPERIMENTAL POLITECNICA DE LA FUERZA ARMADA NACIONAL,03
UNIVERSIDAD NACIONAL EXPERIMENTAL POLITECNICA DE LA FUERZA ARMADA NACIONAL,03
UNIVERSIDAD NACIONAL EXPERIMENTAL POLITECNICA DE LA FUERZA ARMADA NACIONAL,03
UNIVERSIDAD POLITECNICA TERRITORIAL  JOSE ANTONIO ANZOATEGUI,03
UNIVERSIDAD NACIONAL EXPERIMENTAL DE LAS ARTES (UNEARTE),03
UNIVERSIDAD NACIONAL EXPERIMENTAL DE LOS LLANOS CENTRALES ROMULO GALLEGOS,03
UNIVERSIDAD DE LAS CIENCIAS DE LA SALUD HUGO CHAVEZ FRIAS,03
INSTITUTO MILITAR UNIVERSITARIO DE TECNOLOGIA DE LA GUARDIA NACIONAL,03
UNIVERSIDAD NACIONAL EXPERIMENTAL DEL MAGISTERIO SAMUEL ROBINSON,03
UNIVERSIDAD POLITECNICA TERRITORIAL  JOSE ANTONIO ANZOATEGUI,03
UNIVERSIDAD DE ORIENTE,03
UNIVERSIDAD POLITECNICA TERRITORIAL  JOSE ANTONIO ANZOATEGUI,03
UNIVERSIDAD NACIONAL ABIERTA,03
UNIVERSIDAD DE LAS CIENCIAS DE LA SALUD HUGO CHAVEZ FRIAS,03
UNIVERSIDAD NACIONAL EXPERIMENTAL SIMON RODRIGUEZ,03
UNIVERSIDAD NACIONAL ABIERTA,03
UNIVERSIDAD POLITECNICA TERRITORIAL  JOSE ANTONIO ANZOATEGUI,03
INSTITUTO UNIVERSITARIO DE TECNOLOGIA DE ADMINISTRACION INDUSTRIAL,03
INSTITUTO UNIVERSITARIO DE TECNOLOGIA ANTONIO JOSE DE SUCRE,03
INSTITUTO UNIVERSITARIO PEDAGOGICO MONSENOR RAFAEL ARIAS BLANCO,03
UNIVERSIDAD NORORIENTAL PRIVADA GRAN MARISCAL DE AYACUCHO,03
UNIVERSIDAD NORORIENTAL PRIVADA GRAN MARISCAL DE AYACUCHO,03
UNIVERSIDAD NORORIENTAL PRIVADA GRAN MARISCAL DE AYACUCHO,03
INSTITUTO UNIVERSITARIO DE TECNOLOGIA DE ADMINISTRACION INDUSTRIAL,03
INSTITUTO UNIVERSITARIO DE TECNOLOGIA DE ADMINISTRACION INDUSTRIAL,03
INSTITUTO UNIVERSITARIO DE TECNOLOGIA ANTONIO JOSE DE SUCRE,03
UNIVERSIDAD NACIONAL EXPERIMENTAL DE LOS LLANOS OCCIDENTALES EZEQUIEL ZAMORA,04
UNIVERSIDAD NACIONAL ABIERTA,04
UNIVERSIDAD NACIONAL EXPERIMENTAL POLITECNICA DE LA FUERZA ARMADA NACIONAL,04
UNIVERSIDAD NACIONAL EXPERIMENTAL SIMON RODRIGUEZ,04
UNIVERSIDAD POLITECNICA TERRITORIAL DEL ALTO APURE PEDRO CAMEJO,04
INSTITUTO UNIVERSITARIO DE TECNOLOGIA MARILIS MENDEZ,04
UNIVERSIDAD BICENTENARIA DE ARAGUA,04
UNIVERSIDAD NACIONAL EXPERIMENTAL SIMON RODRIGUEZ,04
UNIVERSIDAD NACIONAL EXPERIMENTAL DE LOS LLANOS OCCIDENTALES EZEQUIEL ZAMORA,04
UNIVERSIDAD NACIONAL EXPERIMENTAL SIMON RODRIGUEZ,04
UNIVERSIDAD NACIONAL EXPERIMENTAL DE LOS LLANOS OCCIDENTALES EZEQUIEL ZAMORA,04
UNIVERSIDAD NACIONAL EXPERIMENTAL POLITECNICA DE LA FUERZA ARMADA NACIONAL,04
UNIVERSIDAD DE LAS CIENCIAS DE LA SALUD HUGO CHAVEZ FRIAS,04
INSTITUTO UNIVERSITARIO DE TECNOLOGIA DEL ESTADO APURE,04
UNIVERSIDAD NACIONAL EXPERIMENTAL DEL MAGISTERIO SAMUEL ROBINSON,04
UNIVERSIDAD POLITECNICA TERRITORIAL DEL ALTO APURE PEDRO CAMEJO,04
UNIVERSIDAD NACIONAL ABIERTA,04
UNIVERSIDAD NACIONAL ABIERTA,04
UNIVERSIDAD POLITECNICA TERRITORIAL DEL ALTO APURE PEDRO CAMEJO,04
UNIVERSIDAD NACIONAL EXPERIMENTAL SIMON RODRIGUEZ,04
UNIVERSIDAD NACIONAL EXPERIMENTAL DE LOS LLANOS OCCIDENTALES EZEQUIEL ZAMORA,04
UNIVERSIDAD NACIONAL EXPERIMENTAL SIMON RODRIGUEZ,04
UNIVERSIDAD CENTRAL DE VENEZUELA,05
UNIVERSIDAD NACIONAL ABIERTA,05
UNIVERSIDAD PEDAGOGICA EXPERIMENTAL LIBERTADOR,05
UNIVERSIDAD NACIONAL EXPERIMENTAL POLITECNICA DE LA FUERZA ARMADA NACIONAL,05
INSTITUTO UNIVERSITARIO DE AERONAUTICA CIVIL MAYOR (AV)  MIGUEL RODRIGUEZ,05
UNIVERSIDAD MILITAR BOLIVARIANA DE VENEZUELA,05
INSTITUTO UNIVERSITARIO DE TECNOLOGIA LAURA EVANGELISTA ALVARADO CARDOZO,05
INSTITUTO UNIVERSITARIO DE TECNOLOGIA \POLYCOM\,05
INSTITUTO UNIVERSITARIO CARLOS SOUBLETTE,05
UNIVERSIDAD POLITECNICA TERRITORIAL DEL ESTADO ARAGUA FEDERICO BRITO FIGUEROA,05
COLEGIO UNIVERSITARIO DE ADMINISTRACION Y MERCADEO,05
INSTITUTO UNIVERSITARIO DE TECNOLOGIA PASCAL,05
INSTITUTO UNIVERSITARIO DE TECNOLOGIA JUAN PABLO PEREZ ALFONZO,05
INSTITUTO UNIVERSITARIO PEDAGOGICO MONSENOR RAFAEL ARIAS BLANCO,05
INSTITUTO UNIVERSITARIO DE TECNOLOGIA ANTONIO RICAURTE,05
INSTITUTO UNIVERSITARIO DE TECNOLOGIA INDUSTRIAL,05
UNIVERSIDAD BICENTENARIA DE ARAGUA,05
UNIVERSIDAD CENTRAL DE VENEZUELA,05
UNIVERSIDAD DE CARABOBO,05
UNIVERSIDAD NACIONAL EXPERIMENTAL SIMON RODRIGUEZ,05
UNIVERSIDAD PEDAGOGICA EXPERIMENTAL LIBERTADOR,05
UNIVERSIDAD NACIONAL EXPERIMENTAL POLITECNICA DE LA FUERZA ARMADA NACIONAL,05
INSTITUTO UNIVERSITARIO POLITECNICO SANTIAGO MARINO,05
UNIVERSIDAD NACIONAL EXPERIMENTAL POLITECNICA DE LA FUERZA ARMADA NACIONAL,05
UNIVERSIDAD NACIONAL EXPERIMENTAL DE LOS LLANOS OCCIDENTALES EZEQUIEL ZAMORA,05
UNIVERSIDAD PEDAGOGICA EXPERIMENTAL LIBERTADOR,05
UNIVERSIDAD PEDAGOGICA EXPERIMENTAL LIBERTADOR,05
UNIVERSIDAD PEDAGOGICA EXPERIMENTAL LIBERTADOR,05
UNIVERSIDAD DE LAS CIENCIAS DE LA SALUD HUGO CHAVEZ FRIAS,05
ESCUELA DE AVIACION MILITAR,05
INSTITUTO UNIVERSITARIO DE TECNOLOGIA AERONAUTICA MILITAR ESCUELA TECNICA DE AVIACION,05
INSTITUTO UNIVERSITARIO DE MERCADOTECNIA,05
INSTITUTO MILITAR UNIVERSITARIO DE TECNOLOGIA DE LA GUARDIA NACIONAL,05
INSTITUTO UNIVERSITARIO \ESCUELA DE FORMACION DE OFICIALES TECNICOS DE LA FUERZA ARMADA NACIONAL BO,05
UNIVERSIDAD NACIONAL EXPERIMENTAL DEL MAGISTERIO SAMUEL ROBINSON,05
INSTITUTO UNIVERSITARIO DE AERONAUTICA CIVIL \MAYOR (AV)  MIGUEL RODRIGUEZ\,05
INSTITUTO UNIVERSITARIO DE TECNOLOGIA  DE FORMACION DE SUBOFICIALES PROFESIONALES DEL EJERCITO GENER,05
UNIVERSIDAD MILITAR BOLIVARIANA DE VENEZUELA,05
INSTITUTO UNIVERSITARIO EXPERIMENTAL DE TECNOLOGIA LA VICTORIA,05
UNIVERSIDAD NACIONAL EXPERIMENTAL POLITECNICA DE LA FUERZA ARMADA NACIONAL,05
INSTITUTO UNIVERSITARIO CARLOS SOUBLETTE,05
INSTITUTO UNIVERSITARIO DE TECNOLOGIA ANTONIO RICAURTE,05
INSTITUTO UNIVERSITARIO DE TECNOLOGIA ANTONIO RICAURTE,05
UNIVERSIDAD POLITECNICA TERRITORIAL DEL ESTADO ARAGUA FEDERICO BRITO FIGUEROA,05
UNIVERSIDAD POLITECNICA TERRITORIAL DEL ESTADO ARAGUA FEDERICO BRITO FIGUEROA,05
INSTITUTO UNIVERSITARIO EXPERIMENTAL DE TECNOLOGIA LA VICTORIA,05
INSTITUTO UNIVERSITARIO DE CIENCIAS ADMINISTRATIVAS Y FISCALES,05
INSTITUTO UNIVERSITARIO DE TECNOLOGIA DE ADMINISTRACION INDUSTRIAL,05
INSTITUTO UNIVERSITARIO DE TECNOLOGIA ANTONIO JOSE DE SUCRE,05
UNIVERSIDAD NACIONAL EXPERIMENTAL DE LOS LLANOS OCCIDENTALES EZEQUIEL ZAMORA,06
UNIVERSIDAD NACIONAL ABIERTA,06
UNIVERSIDAD NACIONAL EXPERIMENTAL POLITECNICA DE LA FUERZA ARMADA NACIONAL,06
UNIVERSIDAD NACIONAL EXPERIMENTAL SIMON RODRIGUEZ,06
UNIVERSIDAD POLITECNICA TERRITORIAL DEL ESTADO BARINAS JOSE FELIX RIBAS,06
INSTITUTO UNIVERSITARIO DE CIENCIAS ADMINISTRATIVAS Y FISCALES,06
INSTITUTO UNIVERSITARIO DE TECNOLOGIA CORONEL AGUSTIN CODAZZI,06
UNIVERSIDAD SANTA MARIA,06
INSTITUTO UNIVERSITARIO POLITECNICO SANTIAGO MARINO,06
UNIVERSIDAD NACIONAL EXPERIMENTAL DE LOS LLANOS OCCIDENTALES EZEQUIEL ZAMORA,06
UNIVERSIDAD NACIONAL EXPERIMENTAL DE LOS LLANOS OCCIDENTALES EZEQUIEL ZAMORA,06
UNIVERSIDAD NACIONAL EXPERIMENTAL POLITECNICA DE LA FUERZA ARMADA NACIONAL,06
INSTITUTO UNIVERSITARIO LATINOAMERICANO DE AGROECOLOGIA PAULO FREIRE,06
UNIVERSIDAD DE LAS CIENCIAS DE LA SALUD HUGO CHAVEZ FRIAS,06
INSTITUTO UNIVERSITARIO EXPERIMENTAL DE TECNOLOGIA Y AGRICULTURA SIMON BOLIVAR,06
INSTITUTO UNIVERSITARIO DE TECNOLOGIA DEL ESTADO BARINAS,06
INSTITUTO MILITAR UNIVERSITARIO DE TECNOLOGIA DE LA GUARDIA NACIONAL,06
UNIVERSIDAD SANTA INES,06
UNIVERSIDAD NACIONAL EXPERIMENTAL DEL MAGISTERIO SAMUEL ROBINSON,06
UNIVERSIDAD POLITECNICA TERRITORIAL DEL ESTADO BARINAS JOSE FELIX RIBAS,06
UNIVERSIDAD NACIONAL EXPERIMENTAL SIMON RODRIGUEZ,06
UNIVERSIDAD POLITECNICA TERRITORIAL DEL ESTADO BARINAS JOSE FELIX RIBAS,06
UNIVERSIDAD NACIONAL EXPERIMENTAL POLITECNICA DE LA FUERZA ARMADA NACIONAL,06
INSTITUTO UNIVERSITARIO DE TECNOLOGIA CORONEL AGUSTIN CODAZZI,06
INSTITUTO UNIVERSITARIO DE TECNOLOGIA ANTONIO JOSE DE SUCRE,06
UNIVERSIDAD NACIONAL ABIERTA,07
UNIVERSIDAD NACIONAL EXPERIMENTAL DE GUAYANA,07
UNIVERSIDAD NACIONAL EXPERIMENTAL POLITECNICA DE LA FUERZA ARMADA NACIONAL,07
UNIVERSIDAD CATOLICA ANDRES BELLO,07
COLEGIO UNIVERSITARIO MONSENOR DE TALAVERA,07
INSTITUTO UNIVERSITARIO DE TECNOLOGIA INDUSTRIAL RODOLFO LOERO ARISMENDI,07
INSTITUTO UNIVERSITARIO DE TECNOLOGIA DEL MAR,07
INSTITUTO UNIVERSITARIO DE TECNOLOGIA PEDRO EMILIO COLL,07
UNIVERSIDAD BICENTENARIA DE ARAGUA,07
INSTITUTO UNIVERSITARIO POLITECNICO SANTIAGO MARINO,07
UNIVERSIDAD CENTRAL DE VENEZUELA,07
UNIVERSIDAD DE ORIENTE,07
UNIVERSIDAD NACIONAL EXPERIMENTAL SIMON RODRIGUEZ,07
UNIVERSIDAD NACIONAL EXPERIMENTAL DE GUAYANA,07
UNIVERSIDAD NACIONAL EXPERIMENTAL POLITECNICA ANTONIO JOSE DE SUCRE,07
UNIVERSIDAD BOLIVARIANA DE VENEZUELA,07
UNIVERSIDAD NACIONAL EXPERIMENTAL DE GUAYANA,07
UNIVERSIDAD NACIONAL EXPERIMENTAL DE GUAYANA,07
UNIVERSIDAD BOLIVARIANA DE VENEZUELA,07
UNIVERSIDAD POLITECNICA TERRITORIAL DEL ESTADO BOLIVAR,07
UNIVERSIDAD DE LAS CIENCIAS DE LA SALUD HUGO CHAVEZ FRIAS,07
UNIVERSIDAD NACIONAL EXPERIMENTAL DE GUAYANA,07
INSTITUTO UNIVERSITARIO DE TECNOLOGIA DEL ESTADO BOLIVAR,07
UNIVERSIDAD NACIONAL EXPERIMENTAL DEL MAGISTERIO SAMUEL ROBINSON,07
UNIVERSIDAD NACIONAL EXPERIMENTAL DE ESPECIALIDADES ELECTRICAS,07
UNIVERSIDAD NACIONAL EXPERIMENTAL POLITECNICA DE LA FUERZA ARMADA NACIONAL,07
UNIVERSIDAD NACIONAL EXPERIMENTAL SIMON RODRIGUEZ,07
UNIVERSIDAD NACIONAL EXPERIMENTAL POLITECNICA DE LA FUERZA ARMADA NACIONAL,07
UNIVERSIDAD DE ORIENTE,07
UNIVERSIDAD NACIONAL EXPERIMENTAL POLITECNICA DE LA FUERZA ARMADA NACIONAL,07
UNIVERSIDAD NACIONAL EXPERIMENTAL DE GUAYANA,07
UNIVERSIDAD NACIONAL ABIERTA,07
UNIVERSIDAD NACIONAL EXPERIMENTAL DE GUAYANA,07
UNIVERSIDAD NACIONAL EXPERIMENTAL SIMON RODRIGUEZ,07
INSTITUTO UNIVERSITARIO DE TECNOLOGIA INDUSTRIAL RODOLFO LOERO ARISMENDI,07
INSTITUTO UNIVERSITARIO DE TECNOLOGIA DEL MAR,07
UNIVERSIDAD NORORIENTAL PRIVADA GRAN MARISCAL DE AYACUCHO,07
UNIVERSIDAD NORORIENTAL PRIVADA GRAN MARISCAL DE AYACUCHO,07
INSTITUTO UNIVERSITARIO DE TECNOLOGIA ANTONIO JOSE DE SUCRE,07
UNIVERSIDAD DE CARABOBO,08
UNIVERSIDAD NACIONAL ABIERTA,08
UNIVERSIDAD NACIONAL EXPERIMENTAL FRANCISCO DE MIRANDA,08
UNIVERSIDAD NACIONAL EXPERIMENTAL POLITECNICA DE LA FUERZA ARMADA NACIONAL,08
UNIVERSIDAD DE LAS CIENCIAS DE LA SALUD HUGO CHAVEZ FRIAS,08
COLEGIO UNIVERSITARIO DE PSICOPEDAGOGIA,08
INSTITUTO UNIVERSITARIO DE NUEVAS PROFESIONES,08
INSTITUTO UNIVERSITARIO DE TECNOLOGIA \ARTURO MICHELENA\,08
INSTITUTO UNIVERSITARIO CARLOS SOUBLETTE,08
COLEGIO UNIVERSITARIO DE ADMINISTRACION Y MERCADEO,08
COLEGIO UNIVERSITARIO MONSENOR DE TALAVERA,08
COLEGIO UNIVERSITARIO PADRE ISAIAS OJEDA,08
INSTITUTO UNIVERSITARIO DE TECNOLOGIA JUAN PABLO PEREZ ALFONZO,08
INSTITUTO UNIVERSITARIO PEDAGOGICO MONSENOR RAFAEL ARIAS BLANCO,08
INSTITUTO UNIVERSITARIO DE TECNOLOGIA PARA LA INFORMATICA,08
INSTITUTO UNIVERSITARIO DE TECNOLOGIA INDUSTRIAL,08
UNIVERSIDAD PANAMERICANA DEL PUERTO,08
UNIVERSIDAD PRIVADA ALEJANDRO DE HUMBOLDT,08
UNIVERSIDAD PRIVADA ARTURO MICHELENA,08
UNIVERSIDAD PRIVADA JOSE ANTONIO PAEZ,08
UNIVERSIDAD TECNOLOGICA DEL CENTRO,08
UNIVERSIDAD DE CARABOBO,08
UNIVERSIDAD NACIONAL EXPERIMENTAL SIMON RODRIGUEZ,08
UNIVERSIDAD DE CARABOBO,08
UNIVERSIDAD POLITECNICA TERRITORIAL DE PUERTO CABELLO,08
UNIVERSIDAD DE CARABOBO,08
UNIVERSIDAD NACIONAL EXPERIMENTAL POLITECNICA DE LA FUERZA ARMADA NACIONAL,08
UNIVERSIDAD DE CARABOBO,08
UNIVERSIDAD BOLIVARIANA DE VENEZUELA,08
UNIVERSIDAD POLITECNICA TERRITORIAL DE VALENCIA,08
UNIVERSIDAD POLITECNICA TERRITORIAL DE PUERTO CABELLO,08
INSTITUTO UNIVERSITARIO DE TECNOLOGIA DE VALENCIA,08
INSTITUTO UNIVERSITARIO DE TECNOLOGIA DE PUERTO CABELLO,08
INSTITUTO UNIVERSITARIO DE TECNOLOGIA DE SEGURIDAD INDUSTRIAL,08
UNIVERSIDAD NACIONAL EXPERIMENTAL DEL MAGISTERIO SAMUEL ROBINSON,08
UNIVERSIDAD NACIONAL EXPERIMENTAL SIMON RODRIGUEZ,08
UNIVERSIDAD NACIONAL EXPERIMENTAL POLITECNICA DE LA FUERZA ARMADA NACIONAL,08
UNIVERSIDAD NACIONAL EXPERIMENTAL POLITECNICA DE LA FUERZA ARMADA NACIONAL,08
UNIVERSIDAD NACIONAL ABIERTA,08
UNIVERSIDAD NACIONAL EXPERIMENTAL POLITECNICA DE LA FUERZA ARMADA NACIONAL,08
INSTITUTO UNIVERSITARIO DE TECNOLOGIA DE ADMINISTRACION INDUSTRIAL,08
INSTITUTO UNIVERSITARIO DE TECNOLOGIA JUAN PABLO PEREZ ALFONZO,08
COLEGIO UNIVERSITARIO DE ADMINISTRACION Y MERCADEO,08
COLEGIO UNIVERSITARIO DE ADMINISTRACION Y MERCADEO,08
INSTITUTO UNIVERSITARIO DE TECNOLOGIA INDUSTRIAL,08
INSTITUTO UNIVERSITARIO DE TECNOLOGIA DE ADMINISTRACION INDUSTRIAL,08
INSTITUTO UNIVERSITARIO DE TECNOLOGIA ANTONIO JOSE DE SUCRE,08
INSTITUTO UNIVERSITARIO POLITECNICO SANTIAGO MARINO,08
INSTITUTO UNIVERSITARIO EXPERIMENTAL DE TECNOLOGIA LA VICTORIA,08
UNIVERSIDAD NACIONAL ABIERTA,09
UNIVERSIDAD NACIONAL EXPERIMENTAL POLITECNICA DE LA FUERZA ARMADA NACIONAL,09
INSTITUTO UNIVERSITARIO DE TECNOLOGIA DEL MAR,09
UNIVERSIDAD NACIONAL EXPERIMENTAL SIMON RODRIGUEZ,09
UNIVERSIDAD NACIONAL EXPERIMENTAL DE LOS LLANOS OCCIDENTALES EZEQUIEL ZAMORA,09
UNIVERSIDAD DEPORTIVA DEL SUR,09
UNIVERSIDAD NACIONAL EXPERIMENTAL FRANCISCO DE MIRANDA,09
UNIVERSIDAD DE LAS CIENCIAS DE LA SALUD HUGO CHAVEZ FRIAS,09
UNIVERSIDAD NACIONAL EXPERIMENTAL DEL MAGISTERIO SAMUEL ROBINSON,09
UNIVERSIDAD NACIONAL EXPERIMENTAL FRANCISCO DE MIRANDA,09
UNIVERSIDAD NACIONAL EXPERIMENTAL FRANCISCO DE MIRANDA,09
UNIVERSIDAD NACIONAL EXPERIMENTAL FRANCISCO DE MIRANDA,09
UNIVERSIDAD NACIONAL ABIERTA,10
UNIVERSIDAD TERRITORIAL DELTAICA FRANCISCO TAMAYO,10
UNIVERSIDAD TERRITORIAL DELTAICA FRANCISCO TAMAYO,10
UNIVERSIDAD NACIONAL EXPERIMENTAL POLITECNICA DE LA FUERZA ARMADA NACIONAL,10
UNIVERSIDAD TERRITORIAL DELTAICA FRANCISCO TAMAYO,10
UNIVERSIDAD DE LAS CIENCIAS DE LA SALUD HUGO CHAVEZ FRIAS,10
UNIVERSIDAD NACIONAL EXPERIMENTAL DEL MAGISTERIO SAMUEL ROBINSON,10
UNIVERSIDAD NACIONAL ABIERTA,11
UNIVERSIDAD NACIONAL EXPERIMENTAL FRANCISCO DE MIRANDA,11
UNIVERSIDAD NACIONAL EXPERIMENTAL POLITECNICA DE LA FUERZA ARMADA NACIONAL,11
UNIVERSIDAD NACIONAL EXPERIMENTAL SIMON RODRIGUEZ,11
UNIVERSIDAD POLITECNICA TERRITORIAL DE PUERTO CABELLO,11
UNIVERSIDAD CATOLICA ANDRES BELLO,11
INSTITUTO UNIVERSITARIO DE TECNOLOGIA JOSE LEONARDO CHIRINO,11
INSTITUTO UNIVERSITARIO PEDAGOGICO MONSENOR RAFAEL ARIAS BLANCO,11
INSTITUTO UNIVERSITARIO DE TECNOLOGIA INDUSTRIAL RODOLFO LOERO ARISMENDI,11
UNIVERSIDAD DE FALCON,11
UNIVERSIDAD DEL ZULIA,11
UNIVERSIDAD NACIONAL EXPERIMENTAL SIMON RODRIGUEZ,11
UNIVERSIDAD NACIONAL EXPERIMENTAL FRANCISCO DE MIRANDA,11
UNIVERSIDAD NACIONAL EXPERIMENTAL FRANCISCO DE MIRANDA,11
UNIVERSIDAD NACIONAL EXPERIMENTAL FRANCISCO DE MIRANDA,11
UNIVERSIDAD BOLIVARIANA DE VENEZUELA,11
UNIVERSIDAD NACIONAL EXPERIMENTAL FRANCISCO DE MIRANDA,11
UNIVERSIDAD DEL ZULIA,11
UNIVERSIDAD NACIONAL EXPERIMENTAL FRANCISCO DE MIRANDA,11
UNIVERSIDAD NACIONAL EXPERIMENTAL POLITECNICA DE LA FUERZA ARMADA NACIONAL,11
UNIVERSIDAD POLITECNICA TERRITORIAL DE FALCON ALONSO GAMERO,11
UNIVERSIDAD POLITECNICA TERRITORIAL DE PUERTO CABELLO,11
UNIVERSIDAD NACIONAL EXPERIMENTAL DE LAS ARTES (UNEARTE),11
UNIVERSIDAD DE LAS CIENCIAS DE LA SALUD HUGO CHAVEZ FRIAS,11
INSTITUTO UNIVERSITARIO DE TECNOLOGIA DE PUERTO CABELLO,11
UNIVERSIDAD NACIONAL EXPERIMENTAL DEL MAGISTERIO SAMUEL ROBINSON,11
UNIVERSIDAD NACIONAL EXPERIMENTAL DE ESPECIALIDADES ELECTRICAS,11
UNIVERSIDAD NACIONAL ABIERTA,11
UNIVERSIDAD NACIONAL ABIERTA,11
UNIVERSIDAD NACIONAL ABIERTA,11
UNIVERSIDAD NACIONAL EXPERIMENTAL FRANCISCO DE MIRANDA,11
UNIVERSIDAD NACIONAL EXPERIMENTAL FRANCISCO DE MIRANDA,11
UNIVERSIDAD NACIONAL EXPERIMENTAL FRANCISCO DE MIRANDA,11
UNIVERSIDAD NACIONAL EXPERIMENTAL FRANCISCO DE MIRANDA,11
UNIVERSIDAD NACIONAL EXPERIMENTAL FRANCISCO DE MIRANDA,11
UNIVERSIDAD NACIONAL EXPERIMENTAL FRANCISCO DE MIRANDA,11
UNIVERSIDAD NACIONAL EXPERIMENTAL FRANCISCO DE MIRANDA,11
UNIVERSIDAD NACIONAL EXPERIMENTAL FRANCISCO DE MIRANDA,11
UNIVERSIDAD NACIONAL EXPERIMENTAL FRANCISCO DE MIRANDA,11
UNIVERSIDAD NACIONAL EXPERIMENTAL FRANCISCO DE MIRANDA,11
UNIVERSIDAD NACIONAL EXPERIMENTAL FRANCISCO DE MIRANDA,11
UNIVERSIDAD NACIONAL EXPERIMENTAL FRANCISCO DE MIRANDA,11
UNIVERSIDAD NACIONAL EXPERIMENTAL FRANCISCO DE MIRANDA,11
UNIVERSIDAD NACIONAL EXPERIMENTAL FRANCISCO DE MIRANDA,11
INSTITUTO UNIVERSITARIO DE TECNOLOGIA ANTONIO JOSE DE SUCRE,11
UNIVERSIDAD NACIONAL EXPERIMENTAL FRANCISCO DE MIRANDA,11
UNIVERSIDAD NACIONAL ABIERTA,12
UNIVERSIDAD NACIONAL EXPERIMENTAL POLITECNICA DE LA FUERZA ARMADA NACIONAL,12
UNIVERSIDAD NACIONAL EXPERIMENTAL DE LOS LLANOS CENTRALES ROMULO GALLEGOS,12
COLEGIO UNIVERSITARIO DE ADMINISTRACION Y MERCADEO,12
UNIVERSIDAD NACIONAL EXPERIMENTAL SIMON RODRIGUEZ,12
UNIVERSIDAD NACIONAL EXPERIMENTAL DE LOS LLANOS CENTRALES ROMULO GALLEGOS,12
UNIVERSIDAD NACIONAL EXPERIMENTAL DE LOS LLANOS CENTRALES ROMULO GALLEGOS,12
UNIVERSIDAD POLITECNICA TERRITORIAL  DE LOS LLANOS �JUANA RAMIREZ�,12
UNIVERSIDAD DE LAS CIENCIAS DE LA SALUD HUGO CHAVEZ FRIAS,12
INSTITUTO UNIVERSITARIO DE TECNOLOGIA DE LOS LLANOS,12
UNIVERSIDAD NACIONAL EXPERIMENTAL DEL MAGISTERIO SAMUEL ROBINSON,12
UNIVERSIDAD NACIONAL EXPERIMENTAL POLITECNICA DE LA FUERZA ARMADA NACIONAL,12
UNIVERSIDAD NACIONAL EXPERIMENTAL POLITECNICA DE LA FUERZA ARMADA NACIONAL,12
INSTITUTO UNIVERSITARIO DE TECNOLOGIA DE LOS LLANOS,12
UNIVERSIDAD POLITECNICA TERRITORIAL  DE LOS LLANOS JUANA RAMIREZ,12
UNIVERSIDAD POLITECNICA TERRITORIAL  DE LOS LLANOS JUANA RAMIREZ,12
INSTITUTO UNIVERSITARIO DE TECNOLOGIA DE LOS LLANOS,12
UNIVERSIDAD NACIONAL ABIERTA,12
UNIVERSIDAD NACIONAL EXPERIMENTAL SIMON RODRIGUEZ,12
UNIVERSIDAD NACIONAL EXPERIMENTAL POLITECNICA DE LA FUERZA ARMADA NACIONAL,12
UNIVERSIDAD NACIONAL EXPERIMENTAL SIMON RODRIGUEZ,12
UNIVERSIDAD NACIONAL EXPERIMENTAL DE LOS LLANOS CENTRALES ROMULO GALLEGOS,12
INSTITUTO UNIVERSITARIO PEDAGOGICO MONSENOR RAFAEL ARIAS BLANCO,12
UNIVERSIDAD CENTRAL DE VENEZUELA,13
UNIVERSIDAD CENTRO OCCIDENTAL LISANDRO ALVARADO,13
UNIVERSIDAD NACIONAL ABIERTA,13
UNIVERSIDAD PEDAGOGICA EXPERIMENTAL LIBERTADOR,13
UNIVERSIDAD NACIONAL EXPERIMENTAL POLITECNICA DE LA FUERZA ARMADA NACIONAL,13
UNIVERSIDAD POLITECNICA TERRITORIAL DEL ESTADO LARA ANDRES ELOY BLANCO,13
COLEGIO UNIVERSITARIO FERMIN TORO,13
INSTITUTO UNIVERSITARIO DE TECNOLOGIA MARIO BRICENO IRAGORRY,13
INSTITUTO UNIVERSITARIO JESUS OBRERO,13
INSTITUTO UNIVERSITARIO DE TECNOLOGIA INDUSTRIAL RODOLFO LOERO ARISMENDI,13
UNIVERSIDAD PRIVADA FERMIN TORO,13
UNIVERSIDAD PRIVADA YACAMBU,13
UNIVERSIDAD CENTRAL DE VENEZUELA,13
UNIVERSIDAD CENTRO OCCIDENTAL LISANDRO ALVARADO,13
UNIVERSIDAD NACIONAL EXPERIMENTAL SIMON RODRIGUEZ,13
UNIVERSIDAD NACIONAL EXPERIMENTAL POLITECNICA ANTONIO JOSE DE SUCRE,13
UNIVERSIDAD PEDAGOGICA EXPERIMENTAL LIBERTADOR,13
UNIVERSIDAD CENTRO OCCIDENTAL LISANDRO ALVARADO,13
UNIVERSIDAD NACIONAL EXPERIMENTAL POLITECNICA ANTONIO JOSE DE SUCRE,13
UNIVERSIDAD POLITECNICA TERRITORIAL DEL ESTADO LARA ANDRES ELOY BLANCO,13
UNIVERSIDAD NACIONAL EXPERIMENTAL FRANCISCO DE MIRANDA,13
UNIVERSIDAD CAMPESINA DE VENEZUELA ALGIMIRO GABALDON,13
UNIVERSIDAD DE LAS CIENCIAS DE LA SALUD HUGO CHAVEZ FRIAS,13
UNIVERSIDAD NACIONAL EXPERIMENTAL DE LARA MARTIN LUTHER KING,13
UNIVERSIDAD POPULAR DEL AMBIENTE FRUTO VIVAS,13
INSTITUTO UNIVERSITARIO EXPERIMENTAL DE TECNOLOGIA ANDRES ELOY BLANCO,13
UNIVERSIDAD NACIONAL EXPERIMENTAL DEL MAGISTERIO SAMUEL ROBINSON,13
UNIVERSIDAD NACIONAL ABIERTA,13
INSTITUTO UNIVERSITARIO DE TECNOLOGIA ANTONIO JOSE DE SUCRE,13
UNIVERSIDAD DE LOS ANDES,14
UNIVERSIDAD NACIONAL ABIERTA,14
UNIVERSIDAD NACIONAL EXPERIMENTAL POLITECNICA DE LA FUERZA ARMADA NACIONAL,14
UNIVERSIDAD POLITECNICA TERRITORIAL DEL ESTADO MERIDA KLEBER RAMIREZ,14
INSTITUTO UNIVERSITARIO DE LA FRONTERA,14
INSTITUTO UNIVERSITARIO JESUS OBRERO,14
INSTITUTO UNIVERSITARIO DE TECNOLOGIA CRISTOBAL MENDOZA,14
UNIVERSIDAD DE LOS ANDES,14
UNIVERSIDAD NACIONAL EXPERIMENTAL SIMON RODRIGUEZ,14
UNIVERSIDAD DEL ZULIA ,14
UNIVERSIDAD NACIONAL EXPERIMENTAL SUR DEL LAGO JESUS MARIA SEMPRUM,14
UNIVERSIDAD DE LOS ANDES,14
UNIVERSIDAD NACIONAL EXPERIMENTAL POLITECNICA ANTONIO JOSE DE SUCRE,14
UNIVERSIDAD POLITECNICA TERRITORIAL DEL ESTADO MERIDA KLEBER RAMIREZ,14
UNIVERSIDAD NACIONAL EXPERIMENTAL DE LAS ARTES (UNEARTE),14
UNIVERSIDAD NACIONAL DEL TURISMO,14
UNIVERSIDAD DE LAS CIENCIAS DE LA SALUD HUGO CHAVEZ FRIAS,14
UNIVERSIDAD POLITECNICA TERRITORIAL DEL ESTADO TRUJILLO MARIO BRICENO IRAGORRY,14
INSTITUTO UNIVERSITARIO DE TECNOLOGIA DE EJIDO,14
COLEGIO UNIVERSITARIO HOTEL ESCUELA DE LOS ANDES VENEZOLANOS,14
UNIVERSIDAD NACIONAL EXPERIMENTAL DEL MAGISTERIO SAMUEL ROBINSON,14
INSTITUTO UNIVERSITARIO DE TECNOLOGIA DE EJIDO,14
INSTITUTO UNIVERSITARIO DE TECNOLOGIA DE EJIDO,14
UNIVERSIDAD POLITECNICA TERRITORIAL DEL ESTADO MERIDA KLEBER RAMIREZ,14
UNIVERSIDAD NACIONAL EXPERIMENTAL POLITECNICA DE LA FUERZA ARMADA NACIONAL,14
INSTITUTO UNIVERSITARIO POLITECNICO SANTIAGO MARINO,14
UNIVERSIDAD NACIONAL ABIERTA,14
UNIVERSIDAD NACIONAL EXPERIMENTAL SIMON RODRIGUEZ,14
INSTITUTO UNIVERSITARIO DE TECNOLOGIA CRISTOBAL MENDOZA,14
INSTITUTO UNIVERSITARIO DE TECNOLOGIA ANTONIO JOSE DE SUCRE,14
INSTITUTO UNIVERSITARIO POLITECNICO SANTIAGO MARINO,14
UNIVERSIDAD NACIONAL ABIERTA,15
UNIVERSIDAD PEDAGOGICA EXPERIMENTAL LIBERTADOR,15
UNIVERSIDAD NACIONAL EXPERIMENTAL POLITECNICA DE LA FUERZA ARMADA NACIONAL,15
UNIVERSIDAD POLITECNICA TERRITORIAL DE BARLOVENTO ARGELIA LAYA,15
UNIVERSIDAD CATOLICA ANDRES BELLO,15
COLEGIO UNIVERSITARIO JEAN PIAGET,15
INSTITUTO UNIVERSITARIO AVEPANE,15
INSTITUTO UNIVERSITARIO DE DISENO LAS MERCEDES,15
INSTITUTO UNIVERSITARIO DE LA AUDICION Y EL LENGUAJE,15
INSTITUTO UNIVERSITARIO DE NUEVAS PROFESIONES,15
INSTITUTO UNIVERSITARIO DE TECNOLOGIA AMERICO VESPUCIO,15
COLEGIO UNIVERSITARIO MONSENOR DE TALAVERA,15
INSTITUTO UNIVERSITARIO DE TECNOLOGIA ELIAS CALIXTO POMPA,15
INSTITUTO UNIVERSITARIO DE TECNOLOGIA JOSE MARIA CARRENO,15
INSTITUTO UNIVERSITARIO DE TECNOLOGIA TOMAS LANDER,15
INSTITUTO UNIVERSITARIO DE TECNOLOGIA INDUSTRIAL RODOLFO LOERO ARISMENDI,15
INSTITUTO UNIVERSITARIO DE TECNOLOGIA RUFINO BLANCO FOMBONA,15
INSTITUTO UNIVERSITARIO SALESIANO PADRE OJEDA,15
UNIVERSIDAD BICENTENARIA DE ARAGUA,15
UNIVERSIDAD JOSE MARIA VARGAS,15
UNIVERSIDAD METROPOLITANA,15
UNIVERSIDAD PRIVADA ALEJANDRO DE HUMBOLDT,15
UNIVERSIDAD PRIVADA MONTEAVILA,15
UNIVERSIDAD PRIVADA NUEVA ESPARTA,15
UNIVERSIDAD SANTA MARIA,15
UNIVERSIDAD NACIONAL EXPERIMENTAL SIMON BOLIVAR,15
UNIVERSIDAD NACIONAL EXPERIMENTAL SIMON RODRIGUEZ,15
UNIVERSIDAD NACIONAL EXPERIMENTAL POLITECNICA ANTONIO JOSE DE SUCRE,15
UNIVERSIDAD NACIONAL EXPERIMENTAL POLITECNICA DE LA FUERZA ARMADA NACIONAL,15
UNIVERSIDAD POLITECNICA TERRITORIAL DE LOS ALTOS MIRANDINOS CECILIO ACOSTA,15
UNIVERSIDAD NACIONAL EXPERIMENTAL SIMON RODRIGUEZ,15
UNIVERSIDAD PEDAGOGICA EXPERIMENTAL LIBERTADOR,15
INSTITUTO UNIVERSITARIO DE TECNOLOGIA ESCUELA NACIONAL DE ADMINISTRACION Y HACIENDA PUBLICA,15
UNIVERSIDAD PEDAGOGICA EXPERIMENTAL LIBERTADOR,15
UNIVERSIDAD NACIONAL EXPERIMENTAL SIMON BOLIVAR,15
UNIVERSIDAD NACIONAL EXPERIMENTAL POLITECNICA ANTONIO JOSE DE SUCRE,15
UNIVERSIDAD NACIONAL EXPERIMENTAL POLITECNICA DE LA FUERZA ARMADA NACIONAL,15
UNIVERSIDAD NACIONAL EXPERIMENTAL POLITECNICA ANTONIO JOSE DE SUCRE,15
UNIVERSIDAD NACIONAL EXPERIMENTAL SIMON BOLIVAR,15
UNIVERSIDAD NACIONAL EXPERIMENTAL POLITECNICA DE LA FUERZA ARMADA NACIONAL,15
UNIVERSIDAD PEDAGOGICA EXPERIMENTAL LIBERTADOR,15
UNIVERSIDAD POLITECNICA TERRITORIAL DE CARACAS �MARISCAL SUCRE�,15
UNIVERSIDAD DE LAS CIENCIAS DE LA SALUD HUGO CHAVEZ FRIAS,15
UNIVERSIDAD NACIONAL EXPERIMENTAL DE LA GRAN CARACAS,15
UNIVERSIDAD POLITECNICA TERRITORIAL DE LOS VALLES DEL TUY,15
COLEGIO UNIVERSITARIO DE CARACAS,15
INSTITUTO UNIVERSITARIO DE TECNOLOGIA BOMBERIL,15
COLEGIO UNIVERSITARIO PROFESOR JOSE LORENZO PEREZ RODRIGUEZ,15
INSTITUTO UNIVERSITARIO DE BARLOVENTO,15
INSTITUTO UNIVERSITARIO AVEPANE,15
INSTITUTO MILITAR UNIVERSITARIO DE TECNOLOGIA DE LA GUARDIA NACIONAL,15
UNIVERSIDAD NACIONAL EXPERIMENTAL DEL MAGISTERIO SAMUEL ROBINSON,15
UNIVERSIDAD AUDIOVISUAL DE VENEZUELA,15
INSTITUTO UNIVERSITARIO DE TECNOLOGIA DEL OESTE MARISCAL SUCRE,15
UNIVERSIDAD NACIONAL EXPERIMENTAL SIMON RODRIGUEZ,15
UNIVERSIDAD NACIONAL EXPERIMENTAL POLITECNICA DE LA FUERZA ARMADA NACIONAL,15
UNIVERSIDAD NACIONAL ABIERTA,15
UNIVERSIDAD NACIONAL ABIERTA,15
UNIVERSIDAD NACIONAL ABIERTA,15
UNIVERSIDAD NACIONAL EXPERIMENTAL DE LA GRAN CARACAS,15
UNIVERSIDAD NACIONAL EXPERIMENTAL SIMON RODRIGUEZ,15
UNIVERSIDAD NACIONAL EXPERIMENTAL POLITECNICA DE LA FUERZA ARMADA NACIONAL,15
INSTITUTO UNIVERSITARIO DE TECNOLOGIA RUFINO BLANCO FOMBONA,15
INSTITUTO UNIVERSITARIO DE TECNOLOGIA ANTONIO JOSE DE SUCRE,15
INSTITUTO UNIVERSITARIO DE TECNOLOGIA ANTONIO JOSE DE SUCRE,15
INSTITUTO UNIVERSITARIO POLITECNICO SANTIAGO MARINO,15
UNIVERSIDAD NACIONAL ABIERTA,16
UNIVERSIDAD POLITECNICA TERRITORIAL DEL NORTE DE MONAGAS LUDOVICO SILVA,16
UNIVERSIDAD TERRITORIAL DELTAICA FRANCISCO TAMAYO,16
INSTITUTO UNIVERSITARIO DE TECNOLOGIA VENEZUELA,16
INSTITUTO UNIVERSITARIO DE TECNOLOGIA INDUSTRIAL RODOLFO LOERO ARISMENDI,16
UNIVERSIDAD DE ORIENTE,16
UNIVERSIDAD NACIONAL EXPERIMENTAL SIMON RODRIGUEZ,16
UNIVERSIDAD PEDAGOGICA EXPERIMENTAL LIBERTADOR,16
UNIVERSIDAD PEDAGOGICA EXPERIMENTAL LIBERTADOR,16
UNIVERSIDAD BOLIVARIANA DE VENEZUELA,16
UNIVERSIDAD POLITECNICA TERRITORIAL DEL NORTE DE MONAGAS LUDOVICO SILVA,16
INSTITUTO UNIVERSITARIO DE TECNOLOGIA DE CUMANA,16
UNIVERSIDAD DE LAS CIENCIAS DE LA SALUD HUGO CHAVEZ FRIAS,16
INSTITUTO UNIVERSITARIO DE TECNOLOGIA DE CARIPITO,16
INSTITUTO MILITAR UNIVERSITARIO DE TECNOLOGIA DE LA GUARDIA NACIONAL,16
UNIVERSIDAD NACIONAL EXPERIMENTAL DEL MAGISTERIO SAMUEL ROBINSON,16
UNIVERSIDAD NACIONAL ABIERTA,16
UNIVERSIDAD NACIONAL ABIERTA,16
UNIVERSIDAD NACIONAL ABIERTA,16
UNIVERSIDAD NACIONAL ABIERTA,16
UNIVERSIDAD NACIONAL EXPERIMENTAL POLITECNICA DE LA FUERZA ARMADA NACIONAL,16
UNIVERSIDAD TERRITORIAL DELTAICA FRANCISCO TAMAYO,16
UNIVERSIDAD TERRITORIAL DELTAICA FRANCISCO TAMAYO,16
UNIVERSIDAD NORORIENTAL PRIVADA GRAN MARISCAL DE AYACUCHO,16
INSTITUTO UNIVERSITARIO POLITECNICO SANTIAGO MARINO,16
UNIVERSIDAD BOLIVARIANA DE LOS TRABAJADORES JESUS RIVERO,16
UNIVERSIDAD BOLIVARIANA DE LOS TRABAJADORES JESUS RIVERO,16
UNIVERSIDAD NACIONAL ABIERTA,17
INSTITUTO UNIVERSITARIO INSULAR,17
INSTITUTO UNIVERSITARIO DE TECNOLOGIA ANTONIO JOSE DE SUCRE,17
INSTITUTO UNIVERSITARIO DE TECNOLOGIA DEL MAR,17
UNIVERSIDAD PRIVADA DE MARGARITA,17
UNIVERSIDAD DE ORIENTE,17
UNIVERSIDAD NACIONAL EXPERIMENTAL POLITECNICA DE LA FUERZA ARMADA NACIONAL,17
UNIVERSIDAD NACIONAL EXPERIMENTAL DE LAS ARTES (UNEARTE),17
UNIVERSIDAD DE LAS CIENCIAS DE LA SALUD HUGO CHAVEZ FRIAS,17
UNIVERSIDAD BOLIVARIANA DE VENEZUELA,17
INSTITUTO MILITAR UNIVERSITARIO DE TECNOLOGIA DE LA GUARDIA NACIONAL,17
UNIVERSIDAD NACIONAL EXPERIMENTAL DEL MAGISTERIO SAMUEL ROBINSON,17
INSTITUTO UNIVERSITARIO POLITECNICO SANTIAGO MARINO,17
INSTITUTO UNIVERSITARIO DE TECNOLOGIA INDUSTRIAL RODOLFO LOERO ARISMENDI,17
UNIVERSIDAD NACIONAL EXPERIMENTAL DE LOS LLANOS OCCIDENTALES EZEQUIEL ZAMORA,18
UNIVERSIDAD NACIONAL ABIERTA,18
UNIVERSIDAD NACIONAL EXPERIMENTAL POLITECNICA DE LA FUERZA ARMADA NACIONAL,18
UNIVERSIDAD POLITECNICA TERRITORIAL DEL ESTADO PORTUGUESA ,18
COLEGIO UNIVERSITARIO MONSENOR DE TALAVERA,18
COLEGIO UNIVERSITARIO FERMIN TORO,18
INSTITUTO UNIVERSITARIO JESUS OBRERO,18
INSTITUTO UNIVERSITARIO DE TECNOLOGIA PARA LA INFORMATICA,18
UNIVERSIDAD PRIVADA FERMIN TORO,18
UNIVERSIDAD PRIVADA YACAMBU,18
UNIVERSIDAD NACIONAL EXPERIMENTAL SIMON RODRIGUEZ,18
UNIVERSIDAD NACIONAL EXPERIMENTAL DE LOS LLANOS OCCIDENTALES EZEQUIEL ZAMORA,18
UNIVERSIDAD NACIONAL EXPERIMENTAL DE LOS LLANOS OCCIDENTALES EZEQUIEL ZAMORA,18
UNIVERSIDAD NACIONAL EXPERIMENTAL DE LOS LLANOS OCCIDENTALES EZEQUIEL ZAMORA,18
UNIVERSIDAD NACIONAL EXPERIMENTAL POLITECNICA DE LA FUERZA ARMADA NACIONAL,18
UNIVERSIDAD NACIONAL EXPERIMENTAL DE LAS ARTES (UNEARTE),18
UNIVERSIDAD DE LAS CIENCIAS DE LA SALUD HUGO CHAVEZ FRIAS,18
INSTITUTO UNIVERSITARIO DE TECNOLOGIA DEL ESTADO PORTUGUESA,18
UNIVERSIDAD NACIONAL EXPERIMENTAL DEL MAGISTERIO SAMUEL ROBINSON,18
INSTITUTO UNIVERSITARIO DE TECNOLOGIA DEL ESTADO PORTUGUESA,18
UNIVERSIDAD NACIONAL EXPERIMENTAL POLITECNICA DE LA FUERZA ARMADA NACIONAL,18
UNIVERSIDAD NACIONAL ABIERTA,18
UNIVERSIDAD NACIONAL ABIERTA,18
INSTITUTO UNIVERSITARIO DE TECNOLOGIA DEL ESTADO PORTUGUESA,18
UNIVERSIDAD NACIONAL EXPERIMENTAL POLITECNICA DE LA FUERZA ARMADA NACIONAL,18
UNIVERSIDAD POLITECNICA TERRITORIAL DEL ESTADO PORTUGUESA,18
INSTITUTO UNIVERSITARIO DE TECNOLOGIA PARA LA INFORMATICA,18
COLEGIO UNIVERSITARIO FERMIN TORO,18
UNIVERSIDAD NACIONAL ABIERTA,19
UNIVERSIDAD POLITECNICA TERRITORIAL DEL OESTE DE SUCRE CLODOSBALDO RUSSIAN,19
UNIVERSIDAD DE ORIENTE,19
UNIVERSIDAD DE ORIENTE,19
UNIVERSIDAD DE ORIENTE,19
UNIVERSIDAD NACIONAL EXPERIMENTAL POLITECNICA DE LA FUERZA ARMADA NACIONAL,19
UNIVERSIDAD POLITECNICA TERRITORIAL DE PARIA LUIS MARIANO RIVERA,19
UNIVERSIDAD POLITECNICA TERRITORIAL DEL OESTE DE SUCRE CLODOSBALDO RUSSIAN,19
UNIVERSIDAD NACIONAL EXPERIMENTAL SIMON RODRIGUEZ,19
UNIVERSIDAD DE LAS CIENCIAS DE LA SALUD HUGO CHAVEZ FRIAS,19
INSTITUTO UNIVERSITARIO DE TECNOLOGIA DE CUMANA,19
INSTITUTO UNIVERSITARIO DE TECNOLOGIA JACINTO NAVARRO VALLENILLA,19
UNIVERSIDAD NACIONAL EXPERIMENTAL DEL MAGISTERIO SAMUEL ROBINSON,19
UNIVERSIDAD NACIONAL ABIERTA,19
UNIVERSIDAD NACIONAL ABIERTA,19
UNIVERSIDAD NACIONAL EXPERIMENTAL POLITECNICA DE LA FUERZA ARMADA NACIONAL,19
UNIVERSIDAD NACIONAL ABIERTA,19
UNIVERSIDAD NORORIENTAL PRIVADA GRAN MARISCAL DE AYACUCHO,19
INSTITUTO UNIVERSITARIO DE TECNOLOGIA INDUSTRIAL RODOLFO LOERO ARISMENDI,19
UNIVERSIDAD NACIONAL ABIERTA,20
UNIVERSIDAD PEDAGOGICA EXPERIMENTAL LIBERTADOR,20
UNIVERSIDAD NACIONAL EXPERIMENTAL POLITECNICA DE LA FUERZA ARMADA NACIONAL,20
UNIVERSIDAD POLITECNICA TERRITORIAL AGROINDUSTRIAL DEL ESTADO TACHIRA,20
UNIVERSIDAD POLITECNICA TERRITORIAL DEL NORTE DEL TACHIRA MANUELA SAENZ,20
COLEGIO UNIVERSITARIO MONSENOR DE TALAVERA,20
INSTITUTO UNIVERSITARIO DE LA FRONTERA,20
INSTITUTO UNIVERSITARIO DE TECNOLOGIA LOS ANDES,20
INSTITUTO UNIVERSITARIO ECLESIASTICO SANTO TOMAS DE AQUINO,20
INSTITUTO UNIVERSITARIO GRAN COLOMBIA,20
INSTITUTO UNIVERSITARIO JESUS ENRIQUE LOSSADA,20
INSTITUTO UNIVERSITARIO DE TECNOLOGIA ANTONIO JOSE DE SUCRE,20
INSTITUTO UNIVERSITARIO DE TECNOLOGIA JUAN PABLO PEREZ ALFONZO,20
INSTITUTO UNIVERSITARIO DE TECNOLOGIA INDUSTRIAL,20
UNIVERSIDAD CATOLICA DEL TACHIRA,20
UNIVERSIDAD DE LOS ANDES,20
UNIVERSIDAD NACIONAL EXPERIMENTAL SIMON RODRIGUEZ,20
UNIVERSIDAD NACIONAL EXPERIMENTAL DEL TACHIRA,20
UNIVERSIDAD PEDAGOGICA EXPERIMENTAL LIBERTADOR,20
UNIVERSIDAD NACIONAL EXPERIMENTAL DEL TACHIRA,20
UNIVERSIDAD PEDAGOGICA EXPERIMENTAL LIBERTADOR,20
UNIVERSIDAD NACIONAL EXPERIMENTAL DEL TACHIRA,20
UNIVERSIDAD NACIONAL EXPERIMENTAL DEL TACHIRA,20
UNIVERSIDAD POLITECNICA TERRITORIAL AGROINDUSTRIAL DEL ESTADO TACHIRA,20
UNIVERSIDAD POLITECNICA TERRITORIAL DEL NORTE DEL TACHIRA MANUELA SAENZ,20
UNIVERSIDAD DE LAS CIENCIAS DE LA SALUD HUGO CHAVEZ FRIAS,20
INSTITUTO UNIVERSITARIO DE TECNOLOGIA LOS ANDES,20
INSTITUTO UNIVERSITARIO DE TECNOLOGIA AGROINDUSTRIAL REGION LOS ANDES,20
INSTITUTO UNIVERSITARIO MILITAR DE LA GUARDIA NACIONAL CORONEL (F) ANICETO CUBILLAN JAIMES,20
INSTITUTO MILITAR UNIVERSITARIO DE TECNOLOGIA DE LA GUARDIA NACIONAL,20
INSTITUTO UNIVERSITARIO EXPERIMENTAL DE TECNOLOGIA DEL MUNICIPIO GARCIA DE HEVIA, LA FRIA,20
UNIVERSIDAD NACIONAL EXPERIMENTAL DEL MAGISTERIO SAMUEL ROBINSON,20
INSTITUTO UNIVERSITARIO MILITAR DE LA GUARDIA NACIONAL CORONEL (F) ANICETO CUBILLAN JAIMES,20
INSTITUTO MILITAR UNIVERSITARIO DE TECNOLOGIA DE LA GUARDIA NACIONAL,20
INSTITUTO UNIVERSITARIO DE TECNOLOGIA AGROINDUSTRIAL REGION LOS ANDES,20
UNIVERSIDAD NACIONAL EXPERIMENTAL POLITECNICA DE LA FUERZA ARMADA NACIONAL,20
INSTITUTO UNIVERSITARIO DE LA FRONTERA,20
INSTITUTO UNIVERSITARIO DE LA FRONTERA,20
INSTITUTO UNIVERSITARIO POLITECNICO SANTIAGO MARINO,20
UNIVERSIDAD NACIONAL ABIERTA,24
UNIVERSIDAD NACIONAL EXPERIMENTAL POLITECNICA DE LA FUERZA ARMADA NACIONAL,24
UNIVERSIDAD MILITAR BOLIVARIANA DE VENEZUELA,24
UNIVERSIDAD NACIONAL EXPERIMENTAL SIMON BOLIVAR,24
UNIVERSIDAD NACIONAL EXPERIMENTAL MARITIMA DEL CARIBE,24
UNIVERSIDAD NACIONAL EXPERIMENTAL SIMON BOLIVAR,24
UNIVERSIDAD NACIONAL EXPERIMENTAL MARITIMA DEL CARIBE,24
UNIVERSIDAD NACIONAL EXPERIMENTAL SIMON BOLIVAR,24
UNIVERSIDAD NACIONAL EXPERIMENTAL SIMON RODRIGUEZ,24
UNIVERSIDAD DE LAS CIENCIAS DE LA SALUD HUGO CHAVEZ FRIAS,24
INSTITUTO UNIVERSITARIO MILITAR ESCUELA DE SUB-OFICIALES DE LA ARMADA,24
INSTITUTO MILITAR UNIVERSITARIO DE TECNOLOGIA DE LA GUARDIA NACIONAL,24
UNIVERSIDAD NACIONAL EXPERIMENTAL DEL MAGISTERIO SAMUEL ROBINSON,24
UNIVERSIDAD NACIONAL EXPERIMENTAL DE LA GRAN CARACAS,24
INSTITUTO UNIVERSITARIO DE TECNOLOGIA INDUSTRIAL RODOLFO LOERO ARISMENDI,24
UNIVERSIDAD DE LOS ANDES,21
UNIVERSIDAD NACIONAL ABIERTA,21
UNIVERSIDAD NACIONAL EXPERIMENTAL POLITECNICA DE LA FUERZA ARMADA NACIONAL,21
UNIVERSIDAD POLITECNICA TERRITORIAL DEL ESTADO TRUJILLO MARIO BRICENO IRAGORRY,21
INSTITUTO UNIVERSITARIO DE TECNOLOGIA DR. JOSE GREGORIO HERNANDEZ,21
INSTITUTO UNIVERSITARIO DE TECNOLOGIA MARIO BRICENO IRAGORRY,21
INSTITUTO UNIVERSITARIO DE TECNOLOGIA DEL MAR,21
UNIVERSIDAD VALLE DEL MOMBOY,21
UNIVERSIDAD DE LOS ANDES,21
UNIVERSIDAD NACIONAL EXPERIMENTAL SIMON RODRIGUEZ,21
UNIVERSIDAD DE LOS ANDES,21
UNIVERSIDAD POLITECNICA TERRITORIAL DEL ESTADO TRUJILLO MARIO BRICENO IRAGORRY,21
UNIVERSIDAD POLITECNICA TERRITORIAL DEL ESTADO TRUJILLO MARIO BRICENO IRAGORRY,21
UNIVERSIDAD DE LAS CIENCIAS DE LA SALUD HUGO CHAVEZ FRIAS,21
UNIVERSIDAD NACIONAL EXPERIMENTAL DEL MAGISTERIO SAMUEL ROBINSON,21
UNIVERSIDAD NACIONAL ABIERTA,21
UNIVERSIDAD POLITECNICA TERRITORIAL DEL ESTADO TRUJILLO MARIO BRICENO IRAGORRY,21
INSTITUTO UNIVERSITARIO DE EDUCACION ESPECIALIZADA,21
INSTITUTO UNIVERSITARIO DE TECNOLOGIA INDUSTRIAL RODOLFO LOERO ARISMENDI,21
UNIVERSIDAD NACIONAL ABIERTA,22
UNIVERSIDAD NACIONAL EXPERIMENTAL POLITECNICA DE LA FUERZA ARMADA NACIONAL,22
UNIVERSIDAD NACIONAL EXPERIMENTAL SIMON RODRIGUEZ,22
UNIVERSIDAD NACIONAL EXPERIMENTAL DEL YARACUY,22
UNIVERSIDAD POLITECNICA TERRITORIAL DE YARACUY ARISTIDES BASTIDAS,22
INSTITUTO UNIVERSITARIO ADVENTISTA DE VENEZUELA,22
COLEGIO UNIVERSITARIO DE ADMINISTRACION Y MERCADEO,22
INSTITUTO UNIVERSITARIO DE TECNOLOGIA ANTONIO JOSE DE SUCRE,22
UNIVERSIDAD NACIONAL EXPERIMENTAL DEL YARACUY,22
UNIVERSIDAD POLITECNICA TERRITORIAL DE YARACUY ARISTIDES BASTIDAS,22
UNIVERSIDAD NACIONAL EXPERIMENTAL POLITECNICA DE LA FUERZA ARMADA NACIONAL,22
UNIVERSIDAD NACIONAL EXPERIMENTAL DE LAS ARTES (UNEARTE),22
UNIVERSIDAD NACIONAL EXPERIMENTAL FRANCISCO DE MIRANDA,22
UNIVERSIDAD DE LAS CIENCIAS DE LA SALUD HUGO CHAVEZ FRIAS,22
UNIVERSIDAD NACIONAL EXPERIMENTAL DEL MAGISTERIO SAMUEL ROBINSON,22
UNIVERSIDAD NACIONAL EXPERIMENTAL FRANCISCO DE MIRANDA,22
UNIVERSIDAD NACIONAL EXPERIMENTAL POLITECNICA DE LA FUERZA ARMADA NACIONAL,22
UNIVERSIDAD NACIONAL EXPERIMENTAL FRANCISCO DE MIRANDA,22
UNIVERSIDAD NACIONAL EXPERIMENTAL POLITECNICA DE LA FUERZA ARMADA NACIONAL,22
UNIVERSIDAD NACIONAL EXPERIMENTAL FRANCISCO DE MIRANDA,22
UNIVERSIDAD NACIONAL EXPERIMENTAL FRANCISCO DE MIRANDA,22
INSTITUTO UNIVERSITARIO PEDAGOGICO MONSENOR RAFAEL ARIAS BLANCO,22
INSTITUTO UNIVERSITARIO PEDAGOGICO MONSENOR RAFAEL ARIAS BLANCO,22
UNIVERSIDAD DEL ZULIA,23
UNIVERSIDAD NACIONAL ABIERTA,23
UNIVERSIDAD NACIONAL EXPERIMENTAL RAFAEL MARIA BARALT,23
UNIVERSIDAD NACIONAL EXPERIMENTAL SUR DEL LAGO JESUS MARIA SEMPRUM,23
UNIVERSIDAD POLITECNICA TERRITORIAL DE MARACAIBO,23
UNIVERSIDAD POLITECNICA TERRITORIAL DEL ZULIA,23
COLEGIO UNIVERSITARIO DR. RAFAEL BELLOSO CHACIN,23
COLEGIO UNIVERSITARIO MONSENOR DE TALAVERA,23
INSTITUTO UNIVERSITARIO DE EDUCACION ESPECIALIZADA,23
INSTITUTO UNIVERSITARIO JESUS ENRIQUE LOSSADA,23
INSTITUTO UNIVERSITARIO DE TECNOLOGIA ANTONIO JOSE DE SUCRE,23
INSTITUTO UNIVERSITARIO DE TECNOLOGIA PEDRO EMILIO COLL,23
INSTITUTO UNIVERSITARIO DE TECNOLOGIA INDUSTRIAL,23
INSTITUTO UNIVERSITARIO DE TECNOLOGIA READIC,23
INSTITUTO UNIVERSITARIO SAN FRANCISCO,23
UNIVERSIDAD EXPERIMENTAL PRIVADA CECILIO ACOSTA,23
UNIVERSIDAD PRIVADA  DR. JOSE GREGORIO HERNANDEZ,23
UNIVERSIDAD PRIVADA ALONSO DE OJEDA,23
UNIVERSIDAD PRIVADA DR. RAFAEL BELLOSO CHACIN,23
UNIVERSIDAD RAFAEL URDANETA,23
UNIVERSIDAD DEL ZULIA,23
UNIVERSIDAD NACIONAL EXPERIMENTAL RAFAEL MARIA BARALT,23
UNIVERSIDAD NACIONAL EXPERIMENTAL SUR DEL LAGO JESUS MARIA SEMPRUM,23
UNIVERSIDAD NACIONAL EXPERIMENTAL RAFAEL MARIA BARALT,23
UNIVERSIDAD BOLIVARIANA DE VENEZUELA,23
UNIVERSIDAD NACIONAL EXPERIMENTAL SUR DEL LAGO JESUS MARIA SEMPRUM,23
UNIVERSIDAD NACIONAL EXPERIMENTAL RAFAEL MARIA BARALT,23
UNIVERSIDAD BOLIVARIANA DE VENEZUELA,23
UNIVERSIDAD NACIONAL EXPERIMENTAL POLITECNICA DE LA FUERZA ARMADA NACIONAL,23
UNIVERSIDAD NACIONAL EXPERIMENTAL SUR DEL LAGO JESUS MARIA SEMPRUM,23
UNIVERSIDAD POLITECNICA TERRITORIAL DE MARACAIBO,23
UNIVERSIDAD BOLIVARIANA DE VENEZUELA,23
UNIVERSIDAD DE LAS CIENCIAS DE LA SALUD HUGO CHAVEZ FRIAS,23
INSTITUTO UNIVERSITARIO DE TECNOLOGIA DE MARACAIBO,23
INSTITUTO UNIVERSITARIO DE TECNOLOGIA DE CABIMAS,23
UNIVERSIDAD NACIONAL EXPERIMENTAL DEL MAGISTERIO SAMUEL ROBINSON,23
INSTITUTO UNIVERSITARIO DE TECNOLOGIA INDUSTRIAL RODOLFO LOERO ARISMENDI,23
INSTITUTO UNIVERSITARIO DE TECNOLOGIA DE CABIMAS,23
UNIVERSIDAD POLITECNICA TERRITORIAL DEL ZULIA,23
INSTITUTO UNIVERSITARIO DE TECNOLOGIA DE MARACAIBO,23
UNIVERSIDAD NACIONAL ABIERTA,23
INSTITUTO UNIVERSITARIO DE TECNOLOGIA DE MARACAIBO,23
UNIVERSIDAD POLITECNICA TERRITORIAL DE MARACAIBO,23
INSTITUTO UNIVERSITARIO DE TECNOLOGIA JUAN PABLO PEREZ ALFONZO,23
INSTITUTO UNIVERSITARIO PEDAGOGICO MONSENOR RAFAEL ARIAS BLANCO,23
INSTITUTO UNIVERSITARIO POLITECNICO SANTIAGO MARINO,23
INSTITUTO UNIVERSITARIO DE TECNOLOGIA PEDRO EMILIO COLL,23
COLEGIO UNIVERSITARIO MONSENOR DE TALAVERA,23
INSTITUTO UNIVERSITARIO DE EDUCACION ESPECIALIZADA,23
INSTITUTO UNIVERSITARIO DE TECNOLOGIA READIC,23
INSTITUTO UNIVERSITARIO DE TECNOLOGIA JUAN PABLO PEREZ ALFONZO,23
INSTITUTO UNIVERSITARIO DE TECNOLOGIA JUAN PABLO PEREZ ALFONZO,23
INSTITUTO UNIVERSITARIO PEDAGOGICO MONSENOR RAFAEL ARIAS BLANCO,23
INSTITUTO UNIVERSITARIO PEDAGOGICO MONSENOR RAFAEL ARIAS BLANCO,23
INSTITUTO UNIVERSITARIO POLITECNICO SANTIAGO MARINO,23
